Country,Population 2026,Yearly Change,Net Change,Density (P/Km²),Land Area (Km²),Migrants (net),Fert. Rate,Median Age,Urban Pop %,World Share,Capital,Region,Subregion,Languages,Currencies
India,1476625576,0.87,12760051,497,2973190,-440456,1.93,29.2,37.6,17.79,New Delhi,Asia,Southern Asia,"Hindi, English",Indian rupee
China,1412914089,-0.22,-3182005,150,9388211,-232107,1.03,40.6,68.7,17.02,Beijing,Asia,Eastern Asia,Chinese,Chinese yuan
United States,349035494,0.51,1759687,38,9147420,1177848,1.63,38.7,83.1,4.2,"Washington, D.C.",Americas,Northern America,English,United States dollar
Indonesia,287886782,0.76,2165546,159,1811570,-39472,2.08,30.7,60.3,3.47,Jakarta,Asia,South-Eastern Asia,Indonesian,Indonesian rupiah
Pakistan,259299791,1.6,4080237,336,770880,-1144738,3.44,20.8,34.7,3.12,Islamabad,Asia,Southern Asia,"Urdu, English",Pakistani rupee
Nigeria,242431832,2.06,4904050,266,910770,-2810,4.21,18.3,55.8,2.92,Abuja,Africa,Western Africa,English,Nigerian naira
Brazil,213562666,0.35,750261,26,8358140,-205642,1.59,35.3,91.7,2.57,Brasília,Americas,South America,Portuguese,Brazilian real
Bangladesh,177818044,1.21,2131145,1366,130170,-371398,2.09,26.3,43.2,2.14,Dhaka,Asia,Southern Asia,Bengali,Bangladeshi taka
Russia,143394458,-0.42,-602935,9,16376870,324924,1.47,40.7,75.4,1.73,Moscow,Europe,Eastern Europe,Russian,Russian ruble
Ethiopia,138902185,2.53,3430134,139,1000000,27298,3.72,19.3,22.9,1.67,Addis Ababa,Africa,Eastern Africa,Amharic,Ethiopian birr
Mexico,132997658,0.8,1050758,68,1943950,-109844,1.85,30.0,88.3,1.6,Mexico City,Americas,North America,Spanish,Mexican peso
Japan,122427731,-0.55,-675748,336,364555,128619,1.23,50.2,93.4,1.47,Tokyo,Asia,Eastern Asia,Japanese,Japanese yen
Egypt,120101175,1.47,1735180,121,995450,-52287,2.68,24.7,41.1,1.45,Cairo,Africa,Northern Africa,Arabic,Egyptian pound
Philippines,117724471,0.8,937509,395,298170,-144275,1.86,26.6,49.9,1.42,Manila,Asia,South-Eastern Asia,English,Philippine peso
DR Congo,116452162,3.21,3619689,51,2267050,-28843,5.8,15.9,45.4,1.4,Kinshasa,Africa,Middle Africa,"French, Lingala, Kongo, Swahili, Luba-Katanga",Congolese franc
Vietnam,102177431,0.57,578904,330,310070,-51045,1.86,33.9,42.2,1.23,Hanoi,Asia,South-Eastern Asia,Vietnamese,Vietnamese đồng
Iran,93168497,0.81,750816,57,1628550,66848,1.66,34.5,73.5,1.12,Tehran,Asia,Southern Asia,Persian (Farsi),Iranian rial
Turkey,87926082,0.27,240656,114,769630,-217896,1.62,33.9,77.5,1.06,Ankara,Asia,Western Asia,Turkish,Turkish lira
Germany,83644258,-0.51,-430817,240,348560,158442,1.46,45.7,77.0,1.01,Berlin,Europe,Central Europe,German,Euro
Tanzania,72563780,2.86,2017915,82,885800,-25275,4.41,17.6,40.8,0.87,Dodoma,Africa,Eastern Africa,"Swahili, English",Tanzanian shilling
Thailand,71559614,-0.08,-60249,140,510890,29200,1.19,41.0,54.3,0.86,Bangkok,Asia,South-Eastern Asia,Thai,Thai baht
United Kingdom,69931528,0.55,380196,289,241930,364099,1.53,40.2,84.7,0.84,London,Europe,Northern Europe,English,British pound
France,66746401,0.14,95597,122,547557,88533,1.64,42.5,83.0,0.8,Paris,Europe,Western Europe,French,Euro
South Africa,65453084,1.09,705765,54,1213090,131684,2.17,28.9,66.9,0.79,Pretoria,Africa,Southern Africa,"Afrikaans, English, Southern Ndebele, Southern Sotho, Swati, Tswana, Tsonga, Venda, Xhosa, Zulu",South African rand
Italy,58926166,-0.37,-220094,200,294140,58272,1.22,48.6,72.4,0.71,Rome,Europe,Southern Europe,Italian,Euro
Kenya,58636412,1.92,1103919,103,569140,-34838,3.07,20.3,32.6,0.71,Nairobi,Africa,Eastern Africa,"English, Swahili",Kenyan shilling
Myanmar,55184819,0.61,334171,84,653290,-40682,2.06,30.4,34.6,0.66,Naypyidaw,Asia,South-Eastern Asia,Burmese,Burmese kyat
Colombia,53936226,0.96,510591,49,1109500,115815,1.6,33.0,80.5,0.65,Bogotá,Americas,South America,Spanish,Colombian peso
Sudan,53282719,3.14,1620572,30,1765048,252038,4.13,18.8,35.4,0.64,Khartoum,Africa,Northern Africa,"Arabic, English",Sudanese pound
Uganda,52761469,2.68,1376575,264,199810,-121799,3.97,17.1,30.8,0.64,Kampala,Africa,Eastern Africa,"English, Swahili",Ugandan shilling
South Korea,51600388,-0.13,-66641,531,97230,62644,0.76,46.2,82.8,0.62,Seoul,Asia,Eastern Asia,Korean,South Korean won
Algeria,48028334,1.25,593022,20,2381740,-28841,2.62,28.8,74.8,0.58,Algiers,Africa,Northern Africa,Arabic,Algerian dinar
Iraq,48007437,2.1,986663,111,434320,-13102,3.13,21.1,73.0,0.58,Baghdad,Asia,Western Asia,"Arabic, Kurdish",Iraqi dinar
Spain,47850793,-0.08,-39165,96,498800,85305,1.24,46.3,79.6,0.58,Madrid,Europe,Southern Europe,Spanish,Euro
Argentina,46003734,0.33,152356,17,2736690,2316,1.51,33.3,96.5,0.55,Buenos Aires,Americas,South America,"Spanish, Guaraní",Argentine peso
Afghanistan,45047069,2.74,1202958,69,652860,-53884,4.56,17.4,26.9,0.54,Kabul,Asia,Southern Asia,"Pashto, Uzbek, Turkmen",Afghan afghani
Yemen,42961653,2.84,1187775,81,527970,-22178,4.33,18.5,33.3,0.52,Sana'a,Asia,Western Asia,Arabic,Yemeni rial
Canada,40467728,0.85,341005,4,9093510,291403,1.33,40.8,80.2,0.49,Ottawa,Americas,Northern America,"English, French",Canadian dollar
Angola,40215179,3.01,1175140,32,1246700,-4270,4.89,16.7,69.4,0.48,Luanda,Africa,Middle Africa,Portuguese,Angolan kwanza
Ukraine,39535849,1.43,555473,68,579320,-6229,1.0,41.8,75.5,0.48,Kyiv,Europe,Eastern Europe,Ukrainian,Ukrainian hryvnia
Morocco,38762441,0.86,331671,87,446300,-60886,2.16,30.1,67.9,0.47,Rabat,Africa,Northern Africa,Arabic,Moroccan dirham
Poland,37843188,-0.78,-297722,124,306230,-7971,1.31,43.0,59.7,0.46,Warsaw,Europe,Central Europe,Polish,Polish złoty
Uzbekistan,37724223,1.81,670795,89,425400,-4517,3.4,27.0,47.9,0.45,Tashkent,Asia,Central Asia,"Uzbek, Russian",Uzbekistani so'm
Mozambique,36639851,2.83,1008198,47,786380,-55988,4.54,16.6,42.1,0.44,Maputo,Africa,Eastern Africa,Portuguese,Mozambican metical
Malaysia,36385115,1.13,407277,111,328550,159001,1.52,31.4,77.8,0.44,Kuala Lumpur,Asia,South-Eastern Asia,Malaysian,Malaysian ringgit
Ghana,35697557,1.81,633285,157,227540,-24195,3.26,21.6,59.2,0.43,Accra,Africa,Western Africa,English,Ghanaian cedi
Saudi Arabia,35165787,1.73,599459,16,2149690,108660,2.27,29.7,91.9,0.42,Riyadh,Asia,Western Asia,Arabic,Saudi riyal
Peru,34922148,1.0,345483,27,1280000,6707,1.93,30.6,80.9,0.42,Lima,Americas,South America,Spanish,Peruvian sol
Madagascar,33522052,2.39,781374,58,581795,-2665,3.78,19.4,41.0,0.4,Antananarivo,Africa,Eastern Africa,"French, Malagasy",Malagasy ariary
CÃ´te d'Ivoire,33494346,2.39,782799,105,318000,6535,4.1,18.5,49.5,0.4,Yamoussoukro,Africa,Western Africa,French,West African CFA franc
Cameroon,30640817,2.55,761480,65,472710,-18922,4.12,18.2,59.8,0.37,Yaoundé,Africa,Middle Africa,"English, French",Central African CFA franc
Nepal,29629410,0.04,11292,207,143350,-292014,1.92,25.7,25.3,0.36,Kathmandu,Asia,Southern Asia,Nepali,Nepalese rupee
Niger,28814878,3.21,897047,23,1266700,-10620,5.64,15.7,18.5,0.35,Niamey,Africa,Western Africa,French,West African CFA franc
Venezuela,28633711,0.41,116815,32,882050,-92869,2.04,29.5,,0.34,Caracas,Americas,South America,Spanish,Venezuelan bolívar
Australia,27227096,0.94,253070,4,7682300,131706,1.64,38.5,86.7,0.33,Canberra,Oceania,Australia and New Zealand,English,Australian dollar
North Korea,26633691,0.24,62655,221,120410,-2809,1.75,36.8,63.7,0.32,Pyongyang,Asia,Eastern Asia,Korean,North Korean won
Syria,26472497,3.33,852070,144,183630,305822,2.62,23.8,54.2,0.32,Damascus,Asia,Western Asia,Arabic,Syrian pound
Mali,25932275,2.91,733454,21,1220190,-52609,5.33,15.9,45.1,0.31,Bamako,Africa,Western Africa,French,West African CFA franc
Burkina Faso,24601700,2.19,527120,90,273600,-28309,3.92,18.0,34.5,0.3,Ouagadougou,Africa,Western Africa,"French, Fula",West African CFA franc
Sri Lanka,23348315,0.51,118845,372,62710,-30760,1.93,33.6,18.2,0.28,Sri Jayawardenepura Kotte,Asia,Southern Asia,"Sinhalese, Tamil",Sri Lankan rupee
Taiwan,23011292,-0.44,-101501,650,35410,-15041,0.86,45.4,84.9,0.28,Taipei,Asia,Eastern Asia,Chinese,New Taiwan dollar
Malawi,22785535,2.56,569415,242,94280,1348,3.45,18.4,20.2,0.27,Lilongwe,Africa,Eastern Africa,"English, Chichewa",Malawian kwacha
Zambia,22521915,2.77,608041,30,743390,6939,3.91,18.2,47.4,0.27,Lusaka,Africa,Eastern Africa,English,Zambian kwacha
Chad,21560380,2.65,556675,17,1259200,-112304,5.83,15.7,22.7,0.26,N'Djamena,Africa,Middle Africa,"French, Arabic",Central African CFA franc
Kazakhstan,21083626,1.15,239872,8,2699700,-12814,2.92,29.7,55.2,0.25,Nur-Sultan,Asia,Central Asia,"Kazakh, Russian",Kazakhstani tenge
Somalia,20305907,3.31,651168,32,627340,15364,5.8,15.6,47.1,0.24,Mogadishu,Africa,Eastern Africa,"Somali, Arabic",Somali shilling
Chile,19945850,0.43,85929,27,743532,48106,1.12,37.4,85.1,0.24,Santiago,Americas,South America,Spanish,Chilean peso
Senegal,19366548,2.3,434582,101,192530,-13429,3.66,19.8,53.0,0.23,Dakar,Africa,Western Africa,French,West African CFA franc
Guatemala,18967978,1.5,280097,177,107160,-7432,2.23,23.8,57.1,0.23,Guatemala City,Americas,Central America,Spanish,Guatemalan quetzal
Romania,18800605,-0.57,-108045,82,230170,-28982,1.71,43.5,55.5,0.23,Bucharest,Europe,Eastern Europe,Romanian,Romanian leu
Netherlands,18448775,0.56,101956,547,33720,89379,1.44,41.5,88.9,0.22,Amsterdam,Europe,Western Europe,Dutch,Euro
Ecuador,18444506,0.85,154610,74,248360,-13851,1.78,29.7,66.4,0.22,Quito,Americas,South America,Spanish,United States dollar
Cambodia,18051219,1.14,203237,102,176520,-34323,2.49,26.4,26.9,0.22,Phnom Penh,Asia,South-Eastern Asia,Khmer,"Cambodian riel, United States dollar"
Zimbabwe,17273580,1.9,322785,45,386850,-54620,3.57,18.3,38.2,0.21,Harare,Africa,Southern Africa,"English, Shona, Northern Ndebele",Zambian kwacha
Guinea,15441993,2.27,342266,63,245720,-19725,3.96,18.5,40.9,0.19,Conakry,Africa,Western Africa,"French, Fula",Guinean franc
Benin,15170419,2.4,355959,135,112760,-6318,4.34,18.2,48.4,0.18,Porto-Novo,Africa,Western Africa,French,West African CFA franc
Rwanda,14889693,2.2,320352,604,24670,-7003,3.54,20.2,18.5,0.18,Kigali,Africa,Eastern Africa,"Kinyarwanda, English, French",Rwandan franc
Burundi,14729157,2.36,339154,574,25680,-35108,4.57,16.6,15.4,0.18,Gitega,Africa,Eastern Africa,"French, Kirundi",Burundian franc
Bolivia,12749291,1.33,167448,12,1083300,-3157,2.47,25.5,71.0,0.15,Sucre,Americas,South America,"Spanish, Aymara, Quechua",Bolivian boliviano
South Sudan,12436037,2.03,247249,20,610952,7974,3.63,19.0,28.3,0.15,Juba,Africa,Middle Africa,English,South Sudanese pound
Tunisia,12415138,0.54,66565,80,155360,-14794,1.79,33.4,72.2,0.15,Tunis,Africa,Northern Africa,Arabic,Tunisian dinar
Haiti,12037506,1.1,131411,437,27560,-31968,2.55,24.3,62.4,0.15,Port-au-Prince,Americas,Caribbean,"French, Haitian",Haitian gourde
Belgium,11774642,0.14,16039,389,30280,29607,1.4,42.1,99.0,0.14,Brussels,Europe,Western Europe,"Dutch, French, German",Euro
Dominican Republic,11609500,0.77,89013,240,48320,-35038,2.17,28.7,86.9,0.14,Santo Domingo,Americas,Caribbean,Spanish,Dominican peso
Jordan,11589532,0.6,68848,131,88780,60699,2.54,24.9,85.4,0.14,Amman,Asia,Western Asia,Arabic,Jordanian dinar
United Arab Emirates,11574682,2.02,228682,138,83600,87401,1.21,31.6,80.7,0.14,Abu Dhabi,Asia,Western Asia,Arabic,United Arab Emirates dirham
Honduras,11184760,1.63,178910,100,111890,-4603,2.42,24.6,58.8,0.13,Tegucigalpa,Americas,Central America,Spanish,Honduran lempira
Tajikistan,10978599,1.78,191865,78,139960,-20198,2.96,22.4,28.0,0.13,Dushanbe,Asia,Central Asia,"Tajik, Russian",Tajikistani somoni
Papua New Guinea,10947848,1.72,185031,24,452860,-534,2.99,23.0,12.7,0.13,Port Moresby,Oceania,Melanesia,English,Papua New Guinean kina
Cuba,10892659,-0.41,-44544,102,106440,-22086,1.46,42.5,82.4,0.13,Havana,Americas,Caribbean,Spanish,"Cuban convertible peso, Cuban peso"
Sweden,10701047,0.42,44414,26,410340,42755,1.45,40.4,87.7,0.13,Stockholm,Europe,Northern Europe,Swedish,Swedish krona
Czech Republic (Czechia),10527781,-0.77,-81458,136,77240,13400,1.47,44.3,75.7,0.13,Prague,Europe,Central Europe,"Czech, Slovak",Czech koruna
Azerbaijan,10454855,0.55,57142,126,82658,7708,1.66,34.1,59.1,0.13,Baku,Asia,Western Asia,Azerbaijani,Azerbaijani manat
Portugal,10395362,-0.16,-16472,113,91590,16968,1.52,47.2,66.9,0.13,Lisbon,Europe,Southern Europe,Portuguese,Euro
Togo,9930918,2.15,209310,183,54390,-12642,4.01,19.2,44.8,0.12,Lomé,Africa,Western Africa,French,West African CFA franc
Greece,9897115,-0.42,-41729,77,128900,14649,1.34,47.1,90.0,0.12,Athens,Europe,Southern Europe,Greek (modern),Euro
Israel,9647689,1.37,130508,446,21640,13023,2.73,29.3,91.5,0.12,Jerusalem,Asia,Western Asia,"Hebrew (modern), Arabic",Israeli new shekel
Hungary,9585818,-0.48,-46469,106,90530,12936,1.5,44.2,72.4,0.12,Budapest,Europe,Central Europe,Hungarian,Hungarian forint
Austria,9107266,-0.07,-6308,111,82409,13212,1.34,43.9,59.0,0.11,Vienna,Europe,Central Europe,German,Euro
Switzerland,9007798,0.45,40391,228,39516,34096,1.45,43.2,74.6,0.11,Bern,Europe,Central Europe,"German, French, Italian, Romansh",Swiss franc
Sierra Leone,8996745,2.01,176951,125,72180,-12277,3.53,19.9,46.0,0.11,Freetown,Africa,Western Africa,English,Sierra Leonean leone
Belarus,8937018,-0.67,-60585,44,202910,-3608,1.23,41.8,85.1,0.11,Minsk,Europe,Eastern Europe,"Belarusian, Russian","New Belarusian ruble, Old Belarusian ruble"
Laos,7974017,1.28,100971,35,230800,-11125,2.33,25.3,38.9,0.096,Vientiane,Asia,South-Eastern Asia,Lao,Lao kip
Turkmenistan,7736632,1.55,117785,16,469930,11792,2.6,27.3,46.7,0.093,Ashgabat,Asia,Central Asia,"Turkmen, Russian",Turkmenistan manat
Libya,7539851,1.09,81296,4,1759540,2610,2.21,28.0,77.7,0.091,Tripoli,Africa,Northern Africa,Arabic,Libyan dinar
Kyrgyzstan,7400465,1.45,105431,39,191800,39,2.72,25.5,35.5,0.089,Bishkek,Asia,Central Asia,"Kyrgyz, Russian",Kyrgyzstani som
Hong Kong,7378602,-0.24,-17474,7027,1050,-12576,0.75,47.9,,0.089,City of Victoria,Asia,Eastern Asia,"English, Chinese",Hong Kong dollar
Nicaragua,7097329,1.28,89827,59,120340,-8485,2.16,26.3,58.2,0.086,Managua,Americas,Central America,Spanish,Nicaraguan córdoba
Paraguay,7095279,1.17,82201,18,397300,-12243,2.37,27.3,68.3,0.085,Asunción,Americas,South America,"Spanish, Guaraní",Paraguayan guaraní
Bulgaria,6667659,-0.7,-46901,61,108560,-5722,1.74,45.0,77.4,0.08,Sofia,Europe,Eastern Europe,Bulgarian,Bulgarian lev
Serbia,6641964,-0.7,-47075,76,87460,-5883,1.5,44.7,74.2,0.08,Belgrade,Europe,Southern Europe,Serbian,Serbian dinar
Congo,6637785,2.36,153348,19,341500,-3298,3.99,18.7,70.3,0.08,Brazzaville,Africa,Middle Africa,"French, Lingala",Central African CFA franc
El Salvador,6391253,0.4,25750,308,20720,-23530,1.74,28.4,80.5,0.077,San Salvador,Americas,Central America,Spanish,United States dollar
Denmark,6023520,0.35,21013,142,42430,18360,1.52,41.3,87.6,0.073,Copenhagen,Europe,Northern Europe,Danish,Danish krone
Singapore,5905748,0.6,34998,8437,700,13379,0.97,36.8,,0.071,Singapore,Asia,South-Eastern Asia,"English, Malay, Tamil, Chinese",Singapore dollar
Lebanon,5897467,0.82,48046,576,10230,-6685,2.19,29.0,84.4,0.071,Beirut,Asia,Western Asia,"Arabic, French",Lebanese pound
Liberia,5853949,2.14,122743,61,96320,-1051,3.71,19.0,55.7,0.071,Monrovia,Africa,Western Africa,English,Liberian dollar
Central African Republic,5698984,3.37,185702,9,622980,-15608,5.69,14.6,44.5,0.069,Bangui,Africa,Middle Africa,"French, Sango",Central African CFA franc
State of Palestine,5692790,1.85,103167,946,6020,-20055,3.13,20.3,85.0,0.069,Ramallah,Asia,Western Asia,Arabic,"Egyptian pound, Israeli new shekel, Jordanian dinar"
Oman,5671458,3.22,176767,18,309500,79740,2.44,29.8,89.6,0.068,Muscat,Asia,Western Asia,Arabic,Omani rial
Norway,5652989,0.53,29918,15,365268,12047,1.42,40.1,86.5,0.068,Oslo,Europe,Northern Europe,"Norwegian, Norwegian Bokmål, Norwegian Nynorsk",Norwegian krone
Finland,5621739,-0.03,-1590,18,303890,12666,1.3,43.4,87.1,0.068,Helsinki,Europe,Northern Europe,"Finnish, Swedish",Euro
Mauritania,5461319,2.75,146254,5,1030700,-5842,4.49,17.5,60.9,0.066,Nouakchott,Africa,Western Africa,Arabic,Mauritanian ouguiya
Slovakia,5451342,-0.43,-23539,113,48088,134,1.57,42.8,54.3,0.066,Bratislava,Europe,Central Europe,Slovak,Euro
Ireland,5356950,0.92,48911,78,68890,32022,1.6,39.2,62.2,0.065,Dublin,Europe,Northern Europe,"Irish, English",Euro
New Zealand,5287479,0.68,35580,20,263310,16435,1.64,38.0,83.7,0.064,Wellington,Oceania,Australia and New Zealand,"English, Māori",New Zealand dollar
Costa Rica,5174789,0.42,21839,101,51060,966,1.31,35.7,85.9,0.062,San José,Americas,Central America,Spanish,Costa Rican colón
Kuwait,5102773,1.53,76695,286,17820,30696,1.49,34.8,91.3,0.061,Kuwait City,Asia,Western Asia,Arabic,Kuwaiti dinar
Panama,4625718,1.19,54529,62,74340,5665,2.07,30.6,71.1,0.056,Panama City,Americas,Central America,Spanish,"Panamanian balboa, United States dollar"
Croatia,3822345,-0.67,-25815,68,55960,-2491,1.47,45.5,62.2,0.046,Zagreb,Europe,Southern Europe,Croatian,Euro
Georgia,3804642,-0.05,-2029,55,69490,1215,1.78,37.6,62.2,0.046,Tbilisi,Asia,Western Asia,Georgian,Georgian Lari
Eritrea,3682669,2.1,75666,36,101000,-7520,3.55,19.5,75.9,0.044,Asmara,Africa,Eastern Africa,"Tigrinya, Arabic, English, Tigre, Kunama, Saho, Bilen, Nara, Afar",Eritrean nakfa
Mongolia,3556798,1.13,39698,2,1553560,12,2.54,27.0,67.3,0.043,Ulan Bator,Asia,Eastern Asia,Mongolian,Mongolian tögrög
Uruguay,3382537,-0.06,-2151,19,175020,-1413,1.38,36.7,,0.041,Montevideo,Americas,South America,Spanish,Uruguayan peso
Puerto Rico,3222688,-0.39,-12601,363,8870,1056,0.94,46.2,,0.039,San Juan,Americas,Caribbean,"Spanish, English",United States dollar
Qatar,3173559,1.85,57670,273,11610,24791,1.69,33.4,96.2,0.038,Doha,Asia,Western Asia,Arabic,Qatari riyal
Namibia,3153246,1.95,60430,4,823290,47,3.13,21.5,55.2,0.038,Windhoek,Africa,Southern Africa,"English, Afrikaans","Namibian dollar, South African rand"
Bosnia and Herzegovina,3114242,-0.82,-25853,61,51000,-7581,1.5,46.1,57.1,0.038,Sarajevo,Europe,Southern Europe,"Bosnian, Croatian, Serbian",Bosnia and Herzegovina convertible mark
Moldova,2961253,-1.16,-34853,90,32850,-16732,1.72,39.1,58.5,0.036,Chișinău,Europe,Eastern Europe,Romanian,Moldovan leu
Armenia,2930915,-0.73,-21450,103,28470,-27000,1.71,37.2,64.4,0.035,Yerevan,Asia,Western Asia,Armenian,Armenian dram
Gambia,2884079,2.2,61986,285,10120,-2894,3.7,18.8,62.2,0.035,Banjul,Africa,Western Africa,English,Gambian dalasi
Jamaica,2833403,-0.13,-3674,262,10830,-11683,1.33,33.3,60.7,0.034,Kingston,Americas,Caribbean,English,Jamaican dollar
Lithuania,2797338,-1.16,-32806,45,62674,-4846,1.22,42.6,68.9,0.034,Vilnius,Europe,Northern Europe,Lithuanian,Euro
Albania,2751025,-0.74,-20483,100,27400,-22595,1.32,37.8,71.6,0.033,Tirana,Europe,Southern Europe,Albanian,Albanian lek
Gabon,2647399,2.09,54269,10,257670,1152,3.49,21.6,83.8,0.032,Libreville,Africa,Middle Africa,French,Central African CFA franc
Botswana,2603388,1.61,41266,5,566730,-4169,2.63,23.7,76.1,0.031,Gaborone,Africa,Southern Africa,"English, Tswana",Botswana pula
Lesotho,2389336,1.1,26011,79,30360,-4876,2.61,22.1,33.3,0.029,Maseru,Africa,Southern Africa,"English, Southern Sotho","Lesotho loti, South African rand"
Guinea-Bissau,2297808,2.15,48293,82,28120,-1893,3.62,19.6,46.6,0.028,Bissau,Africa,Western Africa,Portuguese,West African CFA franc
Slovenia,2114573,-0.12,-2499,105,20140,2609,1.58,45.0,56.1,0.025,Ljubljana,Europe,Southern Europe,Slovene,Euro
Equatorial Guinea,1984468,2.37,46037,71,28050,3533,3.96,20.9,64.2,0.024,Malabo,Africa,Middle Africa,"Spanish, French, Portuguese, Fang",Central African CFA franc
Latvia,1835935,-0.95,-17624,30,62200,-360,1.35,43.8,67.7,0.022,Riga,Europe,Northern Europe,Latvian,Euro
North Macedonia,1804063,-0.54,-9728,72,25220,-5731,1.47,41.4,70.3,0.022,Skopje,Europe,Southern Europe,Macedonian,Macedonian denar
Bahrain,1675572,1.96,32240,2205,760,14280,1.77,33.4,,0.02,Manama,Asia,Western Asia,Arabic,Bahraini dinar
Trinidad and Tobago,1513268,0.14,2113,295,5130,160,1.52,38.2,49.1,0.018,Port of Spain,Americas,Caribbean,English,Trinidad and Tobago dollar
Timor-Leste,1436923,1.3,18406,97,14870,-1695,2.5,22.1,36.7,0.017,Dili,Asia,South-Eastern Asia,Portuguese,United States Dollar
Cyprus,1382334,0.84,11580,150,9240,7210,1.37,39.1,61.1,0.017,Nicosia,Europe,Southern Europe,"Greek (modern), Turkish, Armenian",Euro
Estonia,1331062,-0.98,-13170,31,42390,-716,1.38,43.2,67.5,0.016,Tallinn,Europe,Northern Europe,Estonian,Euro
Eswatini,1269859,1.09,13685,74,17200,-5493,2.64,22.7,31.7,0.015,Mbabane,Africa,Southern Africa,"English, Swati",Swazi lilangeni
Mauritius,1265059,-0.25,-3221,623,2030,-2679,1.21,38.3,41.8,0.015,Port Louis,Africa,Eastern Africa,English,Mauritian rupee
Djibouti,1199459,1.3,15383,52,23180,302,2.54,25.2,71.4,0.014,Djibouti,Africa,Eastern Africa,"French, Arabic",Djiboutian franc
Fiji,937282,0.44,4128,51,18270,-3385,2.23,28.3,61.3,0.011,Suva,Oceania,Melanesia,"English, Fijian, Fiji Hindi, Rotuman",Fijian dollar
Comoros,899010,1.83,16163,483,1861,-2225,3.71,20.7,34.0,0.011,Moroni,Africa,Eastern Africa,"Arabic, French",Comorian franc
RÃ©union,886298,0.44,3893,355,2500,-2079,2.12,38.4,,0.011,Saint-Denis,Africa,Eastern Africa,French,Euro
Solomon Islands,858288,2.34,19643,31,27990,1570,3.42,20.9,23.0,0.01,Honiara,Oceania,Melanesia,English,Solomon Islands dollar
Guyana,840890,0.59,4904,4,196850,-4787,2.35,26.5,26.8,0.01,Georgetown,Americas,South America,English,Guyanese dollar
Bhutan,802214,0.69,5532,21,38117,633,1.43,31.0,51.1,0.0097,Thimphu,Asia,Southern Asia,Dzongkha,"Bhutanese ngultrum, Indian rupee"
Macao,723188,0.16,1181,24106,30,826,0.7,40.3,98.3,0.0087,,Asia,Eastern Asia,"Chinese, Portuguese",Macanese pataca
Luxembourg,687448,1.03,6995,265,2590,4938,1.41,39.7,87.4,0.0083,Luxembourg,Europe,Western Europe,"French, German, Luxembourgish",Euro
Suriname,645256,0.84,5406,4,156000,-965,2.19,28.9,62.4,0.0078,Paramaribo,Americas,South America,Dutch,Surinamese dollar
Montenegro,626233,-1.03,-6496,47,13450,-2824,1.79,40.4,69.7,0.0075,Podgorica,Europe,Southern Europe,"Serbian, Bosnian, Albanian, Croatian",Euro
Western Sahara,610813,1.65,9909,2,266000,4689,2.13,32.8,97.6,0.0074,El Aaiún,Africa,Northern Africa,Spanish,"Moroccan dirham, Algerian dinar"
Malta,549011,0.66,3606,1716,320,2157,1.12,41.5,76.2,0.0066,Valletta,Europe,Southern Europe,"Maltese, English",Euro
Maldives,531517,0.35,1841,1772,300,-2079,1.53,33.4,40.3,0.0064,Malé,Asia,Southern Asia,Divehi,Maldivian rufiyaa
Cabo Verde,529630,0.44,2304,131,4030,-1338,1.49,29.5,79.6,0.0064,Praia,Africa,Western Africa,Portuguese,Cape Verdean escudo
Brunei,469775,0.74,3445,89,5270,8,1.7,33.2,80.6,0.0057,Bandar Seri Begawan,Asia,South-Eastern Asia,Malay,"Brunei dollar, Singapore dollar"
Belize,428644,1.35,5720,19,22810,392,1.99,27.3,49.0,0.0052,Belmopan,Americas,Central America,"English, Spanish",Belize dollar
Bahamas,404628,0.4,1595,40,10010,902,1.36,35.7,88.9,0.0049,Nassau,Americas,Caribbean,English,Bahamian dollar
Iceland,402329,1.02,4063,4,100250,2027,1.49,36.6,83.7,0.0048,Reykjavík,Europe,Northern Europe,Icelandic,Icelandic króna
Guadeloupe,372453,-0.36,-1338,220,1690,-1442,2.04,47.4,,0.0045,Basse-Terre,Americas,Caribbean,French,Euro
Mayotte,347536,3.12,10525,927,375,-2,4.43,17.3,41.1,0.0042,Mamoudzou,Africa,Eastern Africa,French,Euro
Vanuatu,342564,2.21,7395,28,12190,-113,3.5,20.3,25.5,0.0041,Port Vila,Oceania,Melanesia,"Bislama, English, French",Vanuatu vatu
Martinique,337711,-0.8,-2728,319,1060,-2264,1.95,50.2,,0.0041,Fort-de-France,Americas,Caribbean,French,Euro
French Guiana,318872,1.66,5206,4,82200,-765,3.25,24.9,95.2,0.0038,Cayenne,Americas,South America,French,Euro
New Caledonia,297892,0.87,2559,16,18280,348,1.93,34.8,76.3,0.0036,Nouméa,Oceania,Melanesia,French,CFP franc
French Polynesia,283076,0.22,611,77,3660,-1158,1.47,36.7,66.3,0.0034,Papeetē,Oceania,Polynesia,French,CFP franc
Barbados,282724,0.04,101,657,430,-98,1.71,39.7,32.7,0.0034,Bridgetown,Americas,Caribbean,English,Barbadian dollar
Sao Tome & Principe,244994,1.97,4740,255,960,-691,3.47,19.7,78.9,0.003,São Tomé,Africa,Middle Africa,Portuguese,São Tomé and Príncipe dobra
Samoa,220528,0.56,1222,78,2830,-2792,3.7,19.8,16.3,0.0027,Apia,Oceania,Polynesia,"Samoan, English",Samoan tālā
CuraÃ§ao,185440,-0.03,-47,418,444,462,1.07,39.0,81.2,0.0022,Willemstad,Americas,Caribbean,"Dutch, (Eastern) Punjabi, English",Netherlands Antillean guilder
Saint Lucia,180488,0.19,339,296,610,-49,1.37,35.1,20.1,0.0022,Castries,Americas,Caribbean,English,East Caribbean dollar
Guam,170185,0.7,1186,315,540,-471,2.68,31.6,98.9,0.0021,Hagåtña,Oceania,Micronesia,"English, Chamorro, Spanish",United States dollar
Kiribati,138445,1.43,1957,171,810,-441,3.06,23.0,57.9,0.0017,South Tarawa,Oceania,Micronesia,English,"Australian dollar, Kiribati dollar"
Seychelles,134959,1.64,2180,293,460,1367,2.06,34.6,43.4,0.0016,Victoria,Africa,Eastern Africa,"French, English",Seychellois rupee
Grenada,117362,0.05,59,345,340,-199,1.45,34.9,35.8,0.0014,St. George's,Americas,Caribbean,English,East Caribbean dollar
Micronesia,114183,0.44,500,163,700,-1121,2.67,23.5,23.8,0.0014,Palikir,Oceania,Micronesia,English,United States dollar
Aruba,108164,0.02,17,601,180,73,1.6,41.7,45.1,0.0013,Oranjestad,Americas,Caribbean,"Dutch, (Eastern) Punjabi",Aruban florin
Tonga,103291,-0.43,-451,143,720,-2117,3.04,21.0,26.4,0.0012,Nuku'alofa,Oceania,Polynesia,"English, Tonga (Tonga Islands)",Tongan paʻanga
St. Vincent & Grenadines,99245,-0.68,-679,254,390,-671,1.73,34.7,62.6,0.0012,Kingstown,Americas,Caribbean,English,East Caribbean dollar
Antigua and Barbuda,94626,0.44,417,215,440,-2,1.57,36.7,28.6,0.0011,Saint John's,Americas,Caribbean,English,East Caribbean dollar
Isle of Man,84055,-0.07,-63,147,570,158,1.53,46.3,57.3,0.001,Douglas,Europe,Northern Europe,"English, Manx","British pound, Manx pound"
Andorra,83753,1.02,849,178,470,751,1.1,44.2,81.6,0.001,Andorra la Vella,Europe,Southern Europe,Catalan,Euro
U.S. Virgin Islands,83400,-0.88,-738,238,350,-360,2.05,44.9,,0.001,Charlotte Amalie,Americas,Caribbean,English,United States dollar
Cayman Islands,77196,1.78,1352,322,240,888,1.5,39.1,88.5,0.00093,George Town,Americas,Caribbean,English,Cayman Islands dollar
Dominica,65511,-0.55,-360,87,750,-241,1.46,36.6,85.6,0.00079,Roseau,Americas,Caribbean,English,East Caribbean dollar
Bermuda,64459,-0.15,-96,1289,50,-9,1.42,46.4,93.0,0.00078,Hamilton,Americas,Northern America,English,Bermudian dollar
Faeroe Islands,56526,0.94,524,40,1396,311,2.19,37.1,39.5,0.00068,Tórshavn,Europe,Northern Europe,Faroese,"Danish krone, Faroese króna"
Greenland,55629,-0.21,-116,0,410450,-249,1.9,35.5,91.2,0.00067,Nuuk,Americas,Northern America,Kalaallisut,Danish krone
Turks and Caicos,47148,0.63,293,50,950,151,1.43,39.6,80.0,0.00057,Cockburn Town,Americas,Caribbean,English,United States dollar
Saint Kitts & Nevis,46992,0.15,70,181,260,11,1.5,36.5,39.8,0.00057,Basseterre,Americas,Caribbean,English,East Caribbean dollar
American Samoa,45319,-1.54,-710,227,200,-1004,2.22,29.1,,0.00055,Pago Pago,Oceania,Polynesia,"English, Samoan",United States Dollar
Sint Maarten,44447,1.19,524,1307,34,485,1.42,42.0,99.6,0.00054,Philipsburg,Americas,Caribbean,"Dutch, English",Netherlands Antillean guilder
Northern Mariana Islands,42914,-1.44,-627,93,460,-790,2.24,38.8,,0.00052,Saipan,Oceania,Micronesia,"English, Chamorro",United States dollar
Gibraltar,40867,1.85,741,4087,10,480,1.88,38.8,87.1,0.00049,Gibraltar,Europe,Southern Europe,English,Gibraltar pound
Liechtenstein,40368,0.6,240,252,160,193,1.54,44.7,14.8,0.00049,Vaduz,Europe,Central Europe,German,Swiss franc
British Virgin Islands,39936,0.51,204,266,150,105,1.06,39.1,43.9,0.00048,Road Town,Americas,Caribbean,English,United States dollar
Monaco,38087,-0.66,-254,25562,1,106,2.08,53.1,,0.00046,Monaco,Europe,Western Europe,French,Euro
Marshall Islands,35075,-3.33,-1207,195,180,-1575,2.77,20.5,,0.00042,Majuro,Oceania,Micronesia,"English, Marshallese",United States dollar
San Marino,33605,0.1,33,560,60,127,1.17,49.1,,0.0004,City of San Marino,Europe,Southern Europe,Italian,Euro
Caribbean Netherlands,31913,1.83,575,97,328,509,1.44,39.7,64.9,0.00038,Kralendijk,Americas,Caribbean,Dutch,United States dollar
Saint Martin,23898,-4.18,-1043,451,53,-1034,2.59,43.9,,0.00029,Marigot,Americas,Caribbean,"English, French, Dutch",Euro
Palau,17614,-0.28,-49,38,460,-22,1.84,38.9,,0.00021,Ngerulmud,Oceania,Micronesia,English,United States dollar
Anguilla,14817,0.6,89,165,90,33,1.34,39.1,,0.00018,The Valley,Americas,Caribbean,English,East Caribbean dollar
Cook Islands,12826,-3.29,-437,53,240,-419,1.98,38.1,,0.00015,Avarua,Oceania,Polynesia,"English, Cook Islands Māori","New Zealand dollar, Cook Islands dollar"
Nauru,12101,0.63,76,605,20,-111,3.21,20.2,93.8,0.00015,Yaren,Oceania,Micronesia,"English, Nauruan",Australian dollar
Saint Barthelemy,11550,1.19,136,550,21,143,0.84,39.1,,0.00014,Gustavia,Americas,Caribbean,French,Euro
Wallis & Futuna,11113,-0.72,-81,79,140,-80,1.39,38.6,,0.00013,Mata-Utu,Oceania,Polynesia,French,CFP franc
Tuvalu,9362,-1.37,-130,312,30,-225,3.1,24.1,89.0,0.00011,Funafuti,Oceania,Polynesia,English,"Australian dollar, Tuvaluan dollar"
Saint Pierre & Miquelon,5513,-1.09,-61,24,230,-9,1.28,47.6,,6.6e-05,Saint-Pierre,Americas,Northern America,French,Euro
Saint Helena,5147,-0.96,-50,13,390,0,1.64,51.0,34.1,6.2e-05,Jamestown,Africa,Western Africa,English,Saint Helena pound
Montserrat,4328,-0.71,-31,43,100,-10,1.45,41.8,11.7,5.2e-05,Plymouth,Americas,Caribbean,English,East Caribbean dollar
Falkland Islands,3465,-0.12,-4,0,12170,-16,1.69,43.4,68.4,4.2e-05,Stanley,Americas,South America,English,Falkland Islands pound
Tokelau,2691,3.18,83,269,10,43,2.54,27.6,,3.2e-05,Fakaofo,Oceania,Polynesia,English,New Zealand dollar
Niue,1822,0.05,1,7,260,2,2.44,35.1,45.2,2.2e-05,Alofi,Oceania,Polynesia,English,"New Zealand dollar, Niue dollar"
Holy See,506,1.0,5,1265,0,13,1.0,56.2,,6.1e-06,Vatican City,Europe,Southern Europe,"Latin, Italian, French, German",Euro
